,s3_path,label
0,s3://ladi/Images/FEMA_CAP/3043/291585/DSC_0105_fab1cb7b-1957-4a36-b730-59086eb8fd57.jpg,True
1,s3://ladi/Images/FEMA_CAP/9077/614197/VIRB0501_675de0e9-7a94-4659-a610-e20636951e90.jpg,True
2,s3://ladi/Images/FEMA_CAP/9157/616220/DSC_7844_5f0b33da-a724-415d-95cd-0c0dbce4190f.jpg,True
3,s3://ladi/Images/FEMA_CAP/9096/615121/214_23987f1f-0709-471f-8f6e-0c530589193c.jpg,True
4,s3://ladi/Images/FEMA_CAP/3045/291518/DSC_0638_539ef4b3-4e68-4c98-802d-0801770d544a.jpg,True
5,s3://ladi/Images/FEMA_CAP/2024/221180/010_2504_c861e534-d0b3-40be-9bfa-a4bf14c55cc2.jpg,True
6,s3://ladi/Images/FEMA_CAP/9073/613538/DSC_0761_5a8ca999-a5f0-4087-a3c8-8728fe541592.jpg,True
7,s3://ladi/Images/FEMA_CAP/9096/615106/FLR_2133_80bf21be-4c06-4d9c-b35f-c80d7658adfc.jpg,True
8,s3://ladi/Images/FEMA_CAP/9073/613891/DSC_4903_17f815a3-407a-4b0c-9216-7aede1ad2601.jpg,True
9,s3://ladi/Images/FEMA_CAP/9073/613898/DSC_5401_5b484d61-fdcc-47f8-a74c-a5577f8ad4af.jpg,True
10,s3://ladi/Images/FEMA_CAP/9074/613754/DSC_0076_43ecb135-5e72-480f-8086-0bf5c4d317d4.jpg,True
11,s3://ladi/Images/FEMA_CAP/9075/614094/A0076_AP_628e4488-efe6-4938-bb03-381b78346fbe.jpg,True
12,s3://ladi/Images/FEMA_CAP/9074/613906/DSC_5620_f34b71f6-c768-435d-9bb0-e9a44d22a8ac.jpg,True
13,s3://ladi/Images/FEMA_CAP/2024/221180/010_2392_e8b0b2b0-4fee-48da-9034-7a794644f875.jpg,True
14,s3://ladi/Images/FEMA_CAP/9073/613548/DSC_1881_c5cd8ec7-3ac2-47a4-99a9-a097e088e5b6.jpg,True
15,s3://ladi/Images/FEMA_CAP/9073/613548/DSC_0520_23f7b002-a6b4-4985-a117-18eecbbd829a.jpg,True
16,s3://ladi/Images/FEMA_CAP/1013/20145/DSC_0028_18dcd0d8-4b79-452e-9ade-604d4f13ddfd.jpg,True
17,s3://ladi/Images/FEMA_CAP/9073/613939/DSC_0481_224371db-f50e-4053-89cb-faa463661759.jpg,True
18,s3://ladi/Images/FEMA_CAP/9073/613538/DSC_0792_94457863-76e8-43fa-a6e7-9471fc6fa1ed.jpg,True
19,s3://ladi/Images/FEMA_CAP/9073/613947/DSC_2091_716732fc-5d94-4bbb-85ad-3d7fc5585619.jpg,True
20,s3://ladi/Images/FEMA_CAP/9074/613816/DSC_2443_d153a0e1-d95b-4b1b-acad-0807711cd6db.jpg,True
21,s3://ladi/Images/FEMA_CAP/9096/615123/ChrisPet_e93f87ae-b470-4fd4-8b24-0521f12fa9de.jpg,True
22,s3://ladi/Images/FEMA_CAP/9073/613898/DSC_5174_08e521fc-9397-4ab5-8b29-9da4179d76ac.jpg,True
23,s3://ladi/Images/FEMA_CAP/9073/613546/DSC_0429_2a9b8dcd-3f77-477c-b9cc-960e28eccea2.jpg,True
24,s3://ladi/Images/FEMA_CAP/9073/613547/DSC_0116_5e142661-e189-44be-a6f2-3c88469f51b1.jpg,True
25,s3://ladi/Images/FEMA_CAP/9073/613891/DSC_4844_c345a31c-b2b9-419f-899b-f81d7d67a9cf.jpg,True
26,s3://ladi/Images/FEMA_CAP/1013/20237/DSC_0104_8ff937a5-1398-46ef-b71b-4c5a007cc75c.jpg,True
27,s3://ladi/Images/FEMA_CAP/9074/613905/DSC_0146_08cc56b6-d50e-4b3a-af5d-71c37caf4707.jpg,True
28,s3://ladi/Images/FEMA_CAP/5/30315/DSC_2852_f858340c-7143-4121-81f1-65d8b07dbac8.jpg,True
29,s3://ladi/Images/FEMA_CAP/9161/616222/FEMA_REG_c0b1a92e-2d9f-4325-a30c-f50ba7234726.jpg,True
30,s3://ladi/Images/FEMA_CAP/1013/20195/DSC_0783_e38b5a0f-fc6c-47e6-bd9c-12a87f1c8ccb.jpg,True
31,s3://ladi/Images/FEMA_CAP/1013/20195/DSC_0323_e9562041-2f52-4b32-ab0c-1cffa30c3f1c.jpg,True
32,s3://ladi/Images/FEMA_CAP/9075/614107/A0025_AP_92b8b589-b069-49b1-90eb-3c55865244ca.jpg,True
33,s3://ladi/Images/FEMA_CAP/3043/291585/DSC_0025_7272b76e-f4c4-467c-8ae5-dd6f55e94bd2.jpg,True
34,s3://ladi/Images/FEMA_CAP/9075/614015/A0041APU_57401744-85b9-42d7-8243-ed1c07e9fa7c.jpg,True
35,s3://ladi/Images/FEMA_CAP/9073/613560/DSC_0448_599d874f-f950-450b-b279-f65bde91a028.jpg,True
36,s3://ladi/Images/FEMA_CAP/9073/613940/DSC_1920_6da9a9df-ec9e-4c81-8a4e-7558e2311e4b.jpg,True
37,s3://ladi/Images/FEMA_CAP/9096/615126/SteveBla_e47b858f-00dd-4332-ae21-69dcfdbda169.jpg,True
38,s3://ladi/Images/FEMA_CAP/9096/615126/SteveBla_ef5679e0-db82-44ef-902c-7d3389f26fc3.jpg,True
39,s3://ladi/Images/FEMA_CAP/9073/613543/DSC_0876_af3ca6d6-a4fc-4145-b127-51af4b586729.jpg,True
40,s3://ladi/Images/FEMA_CAP/9073/613577/DSC_1029_95fc14fe-1cf5-4427-8010-c2bfa2ffb212.jpg,True
41,s3://ladi/Images/FEMA_CAP/9074/613816/DSC_2458_38c5a041-ce76-48eb-b8bb-ed604d7acd65.jpg,True
42,s3://ladi/Images/FEMA_CAP/9107/616211/DSC_1426_98043561-c36e-43bd-9ff9-285f5b798a06.jpg,True
43,s3://ladi/Images/FEMA_CAP/9073/613927/DSC_0843_c1a16655-02b0-4d51-862b-0fd0aaf3ceff.jpg,True
44,s3://ladi/Images/FEMA_CAP/9074/613722/DSC_0228_06c74dc2-d3a5-47e0-96b2-0ad19903fbc1.jpg,True
45,s3://ladi/Images/FEMA_CAP/9073/613901/DSC_6659_4335a7b5-bc35-4d78-a35c-3535ff90cdcf.jpg,True
46,s3://ladi/Images/FEMA_CAP/9074/613811/DSC_0862_68733ce9-5456-4a9f-8600-40c31d76d05c.jpg,True
47,s3://ladi/Images/FEMA_CAP/3043/291532/DSC_0227_c000ffa4-4d63-4909-ac0f-51b83a80e5b0.jpg,True
48,s3://ladi/Images/FEMA_CAP/9073/613560/DSC_0183_166dcd5f-b51c-4414-b93a-ddb1cf4882f8.jpg,True
49,s3://ladi/Images/FEMA_CAP/2020/70349/DSC_0463_196a704f-336d-4606-bb6f-4611af06bb66.jpg,True
50,s3://ladi/Images/FEMA_CAP/9073/613556/DSC_0486_0969a41e-6639-4184-b5fa-bb9670e5853d.jpg,True
51,s3://ladi/Images/FEMA_CAP/9073/613543/DSC_0364_e8b84a74-cfb6-4c97-976b-bc9c316c64ee.jpg,True
52,s3://ladi/Images/FEMA_CAP/9073/613546/DSC_0237_0acf75b6-760a-4e52-b5d0-7263d20c2762.jpg,True
53,s3://ladi/Images/FEMA_CAP/1013/20195/DSC_0177_4d171f7e-defe-4854-a138-2cfb28cbacb8.jpg,True
54,s3://ladi/Images/FEMA_CAP/9073/613903/DSC_9938_108ae23b-1ab8-4a81-a89d-6613a369dcca.jpg,True
55,s3://ladi/Images/FEMA_CAP/9073/613802/af0f5ea1-e290-48d8-83d8-01409af2bcc6.jpg,True
56,s3://ladi/Images/FEMA_CAP/9073/613948/DSC_3009_3f5b639f-00af-480b-83cf-5c3cb7bd5072.jpg,True
57,s3://ladi/Images/FEMA_CAP/9073/613890/DSC_4521_8cf2fcbb-658a-41ed-a5aa-1cab49da80eb.jpg,True
58,s3://ladi/Images/FEMA_CAP/9073/613941/DSC_4741_21a6e965-b4a5-4a11-9d80-fffdc228dc0d.jpg,True
59,s3://ladi/Images/FEMA_CAP/9074/613732/DSC_0795_0d5f151b-ed53-44c7-a57c-cd70e4742edc.jpg,True
60,s3://ladi/Images/FEMA_CAP/9073/613947/DSC_5223_64837225-3c48-404c-b42a-175c4fc82c58.jpg,True
61,s3://ladi/Images/FEMA_CAP/9073/613543/DSC_0339_4d88ed8a-ed5c-4120-a151-ac16b7f32913.jpg,True
62,s3://ladi/Images/FEMA_CAP/9073/613534/R0001801_c3de6374-8364-4f34-a3c4-3fce32d1e3ef.jpg,True
63,s3://ladi/Images/FEMA_CAP/9073/613947/DSC_4747_a3c53210-58b0-4fe3-8e36-6a39eb921f10.jpg,True
64,s3://ladi/Images/FEMA_CAP/9073/613542/DSC_0221_cf429e56-ec5e-4291-a72b-a9db66f418cc.jpg,True
65,s3://ladi/Images/FEMA_CAP/1013/20155/16_1_337_63978ed9-a4b8-4a82-93d4-1179d2a085f6.jpg,True
66,s3://ladi/Images/FEMA_CAP/9073/613940/DSC_1956_e6b44c93-e19d-4c40-be8d-9aa65c0bae0e.jpg,True
67,s3://ladi/Images/FEMA_CAP/9073/613551/DSC_1399_6a982d4a-c0ae-47d2-98fe-cc194ac9075c.jpg,True
68,s3://ladi/Images/FEMA_CAP/9099/615158/DSC_3494_20a2fd2a-b5fb-4709-adca-3c4002e88148.jpg,True
69,s3://ladi/Images/FEMA_CAP/9073/613819/_CAP1986_90a2d735-8249-47ef-8537-60c78dd494d2.jpg,True
70,s3://ladi/Images/FEMA_CAP/9073/613941/DSC_4386_cea3a398-bffb-45ab-8cf9-91e0afeaa31d.jpg,True
71,s3://ladi/Images/FEMA_CAP/3043/291632/DSC_0087_2c25a65d-f30e-4bbf-86c1-7a9fc9b47c06.jpg,True
72,s3://ladi/Images/FEMA_CAP/9073/613947/DSC_5041_dea9d709-8036-4861-bf82-2d71a38b6a7b.jpg,True
73,s3://ladi/Images/FEMA_CAP/9073/613542/DSC_0207_312e5b40-dff6-4b34-a775-d7ea3c7e3c72.jpg,True
74,s3://ladi/Images/FEMA_CAP/9073/613805/44053e14-6f6c-4e7b-86a3-ab2e76b9e4a6.jpg,True
75,s3://ladi/Images/FEMA_CAP/3043/291563/_DSC0646_cb1b9807-7bbe-4e17-8be3-8b8abfc6975b.jpg,True
76,s3://ladi/Images/FEMA_CAP/9073/613535/DJI_0031_8259df48-440b-443d-8893-558235f5c5b1.jpg,True
77,s3://ladi/Images/FEMA_CAP/9073/613822/_CAP1138_7b0691bf-b7f1-40db-aa76-84123ee0f76d.jpg,True
78,s3://ladi/Images/FEMA_CAP/9099/615217/030_45e774db-2301-41b0-8354-22844fcc3d8d.jpg,True
79,s3://ladi/Images/FEMA_CAP/3042/291491/StJohnRv_c54876ec-7337-4932-a107-bc1778ace069.jpg,True
80,s3://ladi/Images/FEMA_CAP/9073/613823/DSC_7336_4b4203f6-5057-4f6c-ba8e-1dc7bb126d46.jpg,True
81,s3://ladi/Images/FEMA_CAP/9073/613548/DSC_2440_403237fc-5ec4-4aa2-893f-032d630fc365.jpg,True
82,s3://ladi/Images/FEMA_CAP/3043/291663/DSC_0198_ab1ede68-bf32-4dee-ab63-82a44253f2e2.jpg,True
83,s3://ladi/Images/FEMA_CAP/9073/613901/DSC_8132_3896f24d-19d9-4a1e-82dd-aec3c3465592.jpg,True
84,s3://ladi/Images/FEMA_CAP/3042/291547/DSC_2566_1d262a39-6ab3-4ff0-b146-c2e116ed6ebe.jpg,True
85,s3://ladi/Images/FEMA_CAP/9073/613822/_CAP1399_2a7f8fa7-8f7b-4413-b69f-a7316e9ed2fd.jpg,True
86,s3://ladi/Images/FEMA_CAP/9096/615132/JoeBell-_334b60cd-08c2-43a3-a39a-ae7f36f2bbe7.jpg,True
87,s3://ladi/Images/FEMA_CAP/9073/613828/020_2806_3e8ab3d7-44e8-40e9-bdc4-b26c6ffce342.jpg,True
88,s3://ladi/Images/FEMA_CAP/9073/613939/DSC_1025_cb0852fc-0897-46d0-9d66-8e790a33c82d.jpg,True
89,s3://ladi/Images/FEMA_CAP/9073/613948/DSC_2994_e647c3e1-b76e-4a12-856c-f559e5b76e0d.jpg,True
90,s3://ladi/Images/FEMA_CAP/9073/613823/DSC_7912_cfbd0d97-501a-4afc-8132-16fccf4967f1.jpg,True
91,s3://ladi/Images/FEMA_CAP/9073/613946/DSC_4614_d470a6dc-b51b-4d48-8c87-787a5e7b8f9f.jpg,True
92,s3://ladi/Images/FEMA_CAP/9073/613547/DSC_3280_40a017aa-a8aa-40ff-9b22-b9f3f586270a.jpg,True
93,s3://ladi/Images/FEMA_CAP/9073/613829/DSC_8284_6a74b567-ca6f-45be-8f5b-ca6c9a91c57e.jpg,True
94,s3://ladi/Images/FEMA_CAP/9074/613734/ALW_4627_4186bc0d-b4ca-4b7d-9b72-9f7cdfdef4ef.jpg,True
95,s3://ladi/Images/FEMA_CAP/3043/291596/DSC_0030_181ebdf8-4f7c-483f-a771-adba06802ab9.jpg,True
96,s3://ladi/Images/FEMA_CAP/3043/291562/DSC_0049_0bb1008a-8558-44fe-ac98-489bba963e0e.jpg,True
97,s3://ladi/Images/FEMA_CAP/9074/613818/DSC_7264_92b22730-6cf4-4044-9208-879994cc1b4a.jpg,True
98,s3://ladi/Images/FEMA_CAP/9075/614042/A0080_AP_ea3c6ad5-61b0-422d-b38e-d22ade8bc764.jpg,True
99,s3://ladi/Images/FEMA_CAP/9073/613884/DSC_8353_ba4d1fff-1b41-4b1e-9a00-a93060cad72e.jpg,True
100,s3://ladi/Images/FEMA_CAP/9075/614054/A0133_AP_74f06dc8-9618-4450-821b-25fca2c4e40d.jpg,False
101,s3://ladi/Images/FEMA_CAP/9074/613818/DSC_7166_0e4ac3a6-dad2-4463-a7b1-1319ac07a600.jpg,False
102,s3://ladi/Images/FEMA_CAP/9075/614100/A0015_AP_5c3aeca4-2d4f-4596-a4fd-0388bbd3d2a2.jpg,False
103,s3://ladi/Images/FEMA_CAP/9073/613926/DSC_3122.JPG,False
104,s3://ladi/Images/FEMA_CAP/9099/615165/DSC_4401_e6c37522-ec85-4a76-aaaa-4064eaf24085.jpg,False
105,s3://ladi/Images/FEMA_CAP/9074/613793/DSC_0857_15cd96d5-2a8e-4b78-aeca-229c94954a01.jpg,False
106,s3://ladi/Images/FEMA_CAP/3045/291551/DSC_4031_47465b02-f156-4897-8052-fbb8ee4ed64b.jpg,False
107,s3://ladi/Images/FEMA_CAP/9073/613934/010_8557_ea04d2dd-04ed-45bc-b4f7-0358c8232554.jpg,False
108,s3://ladi/Images/FEMA_CAP/9073/613829/DSC_9669_c1e10e5f-7db0-4520-ae01-693b6f4a91c7.jpg,False
109,s3://ladi/Images/FEMA_CAP/9075/614110/A0068_AP_9fc26960-8b7f-4476-a009-4694234ae662.jpg,False
110,s3://ladi/Images/FEMA_CAP/9073/613895/DSC_2699_c1172227-db46-48ef-a826-07c34add19b7.jpg,False
111,s3://ladi/Images/FEMA_CAP/9075/614079/A0022_AP_d23dc4de-26c6-44fb-b4c9-e78b7f9cde27.jpg,False
112,s3://ladi/Images/FEMA_CAP/9073/613894/DSC_5002_c6fad28f-fe23-4534-adff-affae4d1e8b0.jpg,False
113,s3://ladi/Images/FEMA_CAP/9075/613986/A0046V-0_db835bbc-6d9b-477e-8653-36eec6fd1ba0.jpg,False
114,s3://ladi/Images/FEMA_CAP/9075/614042/A0080_AP_0121afbb-f648-40ff-898c-a3117b27ba6b.jpg,False
115,s3://ladi/Images/FEMA_CAP/9073/613944/020_9208_cc73e1d4-1a64-4656-876c-b541e8c09a6e.jpg,False
116,s3://ladi/Images/FEMA_CAP/9075/614030/A0101_AP_00b96ae9-ee06-4acc-b84a-eeeffac0f881.jpg,False
117,s3://ladi/Images/FEMA_CAP/9161/616222/FEMA_REG_9bf5df00-bf54-45ea-8361-2f13b2f188d6.jpg,False
118,s3://ladi/Images/FEMA_CAP/9073/613886/DSC_0880_3294d5ca-4ec2-4bed-ace7-4e7868670a52.jpg,False
119,s3://ladi/Images/FEMA_CAP/9099/615182/DSC_1266_51c6ff69-18c7-4d10-8102-0932ea140ded.jpg,False
120,s3://ladi/Images/FEMA_CAP/9107/616211/DSC_1257_48908f66-d330-4cbd-bcc9-2a92ba4ebef7.jpg,False
121,s3://ladi/Images/FEMA_CAP/9075/614066/A0007_AP_df30d9dc-8c95-4569-b6c7-6ab75bb1549a.jpg,False
122,s3://ladi/Images/FEMA_CAP/9075/614067/A0020_AP_efe70b71-b67d-48d6-b2df-dd029396d8dc.jpg,False
123,s3://ladi/Images/FEMA_CAP/9073/613824/DSC_1593_10e028d7-0d8f-458f-b352-e509795def6e.jpg,False
124,s3://ladi/Images/FEMA_CAP/9096/615123/ChrisPet_bbd49c34-2f3d-4aad-b487-510b8304e792.jpg,False
125,s3://ladi/Images/FEMA_CAP/9074/613870/SORTIE40_d0a0ee87-f974-47b0-af4c-62be985e1f22.jpg,False
126,s3://ladi/Images/FEMA_CAP/9075/614043/A0083_AP_654c34f4-cdce-40ce-ad43-31aa46a32326.jpg,False
127,s3://ladi/Images/FEMA_CAP/9075/614109/DSC_0707_cf710542-98b3-4d1f-bf3b-e7bdbe42dc79.jpg,False
128,s3://ladi/Images/FEMA_CAP/9075/614106/A0036_AP_e872bf9c-d6af-4a3e-96de-63a76e7878e1.jpg,False
129,s3://ladi/Images/FEMA_CAP/9099/615167/DSC_7488_1eb5f8b7-ee25-4d10-a487-6a7c80ed047d.jpg,False
130,s3://ladi/Images/FEMA_CAP/9075/614071/A0013_AP_cbf8ec44-de66-4dd1-8db2-0b52c094bd84.jpg,False
131,s3://ladi/Images/FEMA_CAP/9073/613828/020_3549_14835247-56f3-4b92-8948-8417197250bd.jpg,False
132,s3://ladi/Images/FEMA_CAP/9075/614106/A0036_AP_ffd19700-61ff-4c91-851b-348784a5b4e3.jpg,False
133,s3://ladi/Images/FEMA_CAP/9073/613947/DSC_3623_c1bfd1e3-3bea-4f26-850c-164539ab25b8.jpg,False
134,s3://ladi/Images/FEMA_CAP/9075/614130/A0029_AP_1b8c5b9d-d2a0-424d-bf56-d37c12feb524.jpg,False
135,s3://ladi/Images/FEMA_CAP/9161/616227/FEMA_Reg_f8aec69c-e370-4c55-a4be-5ea891a05a35.jpg,False
136,s3://ladi/Images/FEMA_CAP/9075/614063/A0086_AP_c2b2d874-00dd-44e6-85e4-a81838d80095.jpg,False
137,s3://ladi/Images/FEMA_CAP/9074/613910/DSC_5499_f4aadaea-1368-4873-898b-83a55b3dc3d3.jpg,False
138,s3://ladi/Images/FEMA_CAP/9073/613895/DSC_6119_a343baef-e7fc-4cd9-a5aa-1980a999276a.jpg,False
139,s3://ladi/Images/FEMA_CAP/9073/613824/DSC_0708_8efb2b52-b8c1-4964-a4cf-a1f5056bf622.jpg,False
140,s3://ladi/Images/FEMA_CAP/9073/613824/DSC_1718_0f74529b-edc1-4790-9876-187563217b63.jpg,False
141,s3://ladi/Images/FEMA_CAP/9096/615126/SteveBla_c06b6f74-6040-4c18-b932-18cdba8bce79.jpg,False
142,s3://ladi/Images/FEMA_CAP/9073/613824/DSC_1989_0f4d8c8f-d929-48f0-99d4-28b22e2008a5.jpg,False
143,s3://ladi/Images/FEMA_CAP/9074/613906/DSC_5818_9ca827a3-3bb8-48e1-adf4-9f39eb3736d1.jpg,False
144,s3://ladi/Images/FEMA_CAP/9075/614107/A0025_AP_e6b31889-1bf1-40bd-9c65-e57072d8f5a7.jpg,False
145,s3://ladi/Images/FEMA_CAP/9075/614044/A0153_AP_4ba210a1-090a-47be-8259-4e937490d274.jpg,False
146,s3://ladi/Images/FEMA_CAP/9073/613894/DSC_5052_a6da641d-bb11-447e-9019-d392f6f51618.jpg,False
147,s3://ladi/Images/FEMA_CAP/3043/291528/DSC_1554_ba41e9f8-7ecb-402a-ae0f-9f1723609dab.jpg,False
148,s3://ladi/Images/FEMA_CAP/9073/613946/DSC_4397_4927c7cd-c7ec-4112-94ca-9050c7c656bb.jpg,False
149,s3://ladi/Images/FEMA_CAP/9074/613906/DSC_5782_afea16e2-6933-4a64-84e0-6911dd35cdf4.jpg,False
150,s3://ladi/Images/FEMA_CAP/9073/613549/DSC_0031_feaa880d-ca94-4da8-9f8b-e3ac5873a12c.jpg,False
151,s3://ladi/Images/FEMA_CAP/9073/613937/DSC_1628_b59a53b3-58ec-401a-b082-bf66b9ffc256.jpg,False
152,s3://ladi/Images/FEMA_CAP/9074/613741/DSC_4218_668630cc-3aa2-488a-a474-0d70e874d797.jpg,False
153,s3://ladi/Images/FEMA_CAP/9073/613822/_CAP0539_23bc9863-3f01-421a-a32b-b7a7f2c90c75.jpg,False
154,s3://ladi/Images/FEMA_CAP/9075/614082/A0019_AP_9ec52978-d227-4dd8-afa3-7b56d96acfab.jpg,False
155,s3://ladi/Images/FEMA_CAP/9073/613829/DSC_9053_7da20646-4e93-45f4-b3df-c60a039d6a65.jpg,False
156,s3://ladi/Images/FEMA_CAP/9075/614080/A0001_AP_a22a51c1-e972-41ca-97d4-912958328776.jpg,False
157,s3://ladi/Images/FEMA_CAP/9075/614042/A0080_AP_ff640d0b-6095-4600-838c-00fc0cde7c8e.jpg,False
158,s3://ladi/Images/FEMA_CAP/9075/614004/A0019049_b6db78ad-8dec-44f1-8fa0-5cdb244e1c9e.jpg,False
159,s3://ladi/Images/FEMA_CAP/9075/614004/A0019051_f9491945-38ca-4086-90b3-f35d8b31c223.jpg,False
160,s3://ladi/Images/FEMA_CAP/9073/613895/DSC_4769_de8b0d96-23b2-4ec6-9648-f6b6cac30f59.jpg,False
161,s3://ladi/Images/FEMA_CAP/9075/613959/A0022_56_07c79f63-9253-4d75-a67c-3a3fe040f505.jpg,False
162,s3://ladi/Images/FEMA_CAP/1013/20187/DSC_0130_41920004-2a2a-4c26-aa56-59376f7ce9b1.jpg,False
163,s3://ladi/Images/FEMA_CAP/9075/614082/A0019_AP_0cbf92e6-af6b-4d07-a8cb-29f94801f87f.jpg,False
164,s3://ladi/Images/FEMA_CAP/9075/614063/A0086_AP_f16b2385-22c8-4e5b-a45c-143f523ddae0.jpg,False
165,s3://ladi/Images/FEMA_CAP/9075/614080/A0001_AP_6f98ffe2-c037-4085-a43e-6eee0e5638f8.jpg,False
166,s3://ladi/Images/FEMA_CAP/9161/616222/FEMA_REG_c58b7009-171b-4c95-9ef8-c5fed9603fd0.jpg,False
167,s3://ladi/Images/FEMA_CAP/9075/613991/A0022bVi_62cb29f9-9020-4249-9a58-29f0084ebfdb.jpg,False
168,s3://ladi/Images/FEMA_CAP/9096/615123/ChrisPet_87564d74-92d2-4fba-99ca-f5557973692d.jpg,False
169,s3://ladi/Images/FEMA_CAP/9075/614106/A0036_AP_bb09029e-a6f7-4396-a24e-2d3cdb2e452e.jpg,False
170,s3://ladi/Images/FEMA_CAP/7068/615404/DSC_7854_7a9f8e13-6d6e-4c0a-af2c-52bd73d47211.jpg,False
171,s3://ladi/Images/FEMA_CAP/9099/615185/DSC_4222_a9fa1552-85c5-4545-9385-b47f711d42fc.jpg,False
172,s3://ladi/Images/FEMA_CAP/3045/291506/DSC_0377_195ebbd1-3b6e-4b7a-a6dc-3a88f350fc83.jpg,False
173,s3://ladi/Images/FEMA_CAP/9073/613805/e350319a-a450-408a-a206-f45b28f784c4.jpg,False
174,s3://ladi/Images/FEMA_CAP/9075/614106/A0036_AP_f3f24224-e619-49b3-90b2-c3da2bf79605.jpg,False
175,s3://ladi/Images/FEMA_CAP/9073/613824/DSC_1394_9ba3f7e0-0aac-4716-b435-5021097b34f3.jpg,False
176,s3://ladi/Images/FEMA_CAP/9073/613946/DSC_3926_5c51a0f3-3855-4cc9-8272-4a00d3806b39.jpg,False
177,s3://ladi/Images/FEMA_CAP/9075/614079/A0022_AP_1ce8400b-34f7-41b4-827d-a289f6f2b2a5.jpg,False
178,s3://ladi/Images/FEMA_CAP/9073/613927/DSC_0375_0e2c6a5a-b3d3-481e-b88b-9d7659330115.jpg,False
179,s3://ladi/Images/FEMA_CAP/9074/613771/DSC_3604_e591d5bf-67b1-4f32-b84c-397379126e04.jpg,False
180,s3://ladi/Images/FEMA_CAP/9075/614098/A0015_AP_e3712b91-0927-4917-b104-1ddb249bfc89.jpg,False
181,s3://ladi/Images/FEMA_CAP/9073/613828/020_4760_65a8798a-01ce-4457-b3e0-44c706ef99f6.jpg,False
182,s3://ladi/Images/FEMA_CAP/9161/616227/FEMA_Reg_b8511925-e3af-4de2-8ac4-634464cc9ca8.jpg,False
183,s3://ladi/Images/FEMA_CAP/5/573511/DSC_5587_06fd9b5b-f6e8-465f-8494-59e2532bf38a.jpg,False
184,s3://ladi/Images/FEMA_CAP/9073/613531/DSC_0622_c59b7d78-2b9a-4f85-afa0-a052c9620056.jpg,False
185,s3://ladi/Images/FEMA_CAP/9096/615132/JoeBell-_26748b86-666e-4565-9e4a-24d32f6d4d58.jpg,False
186,s3://ladi/Images/FEMA_CAP/9107/616203/DSC_7530_a949a495-bded-487b-9b21-3b664f9f84d1.jpg,False
187,s3://ladi/Images/FEMA_CAP/3043/291664/DSC_3958_80764029-21b7-4157-bd27-6664bf4c81ee.jpg,False
188,s3://ladi/Images/FEMA_CAP/9161/616221/FEMA_REG_d12cc1dc-aad8-4d2b-ad79-2e9c462332bb.jpg,False
189,s3://ladi/Images/FEMA_CAP/9073/613903/DSC_0129_ab3cf6b8-f3c5-48d8-a460-3ffa31f83956.jpg,False
190,s3://ladi/Images/FEMA_CAP/9073/613928/DSC_1779_bfc47b67-7a65-4f4a-b3ec-9e845aafece4.jpg,False
191,s3://ladi/Images/FEMA_CAP/9096/615126/SteveBla_90a3baae-72bc-4ba6-96d9-b6070f1ecd50.jpg,False
192,s3://ladi/Images/FEMA_CAP/9073/613894/DSC_5091_732662db-b087-4834-aa08-e501061ee528.jpg,False
193,s3://ladi/Images/FEMA_CAP/9073/613823/DSC_7547_7687d9d7-eb61-4f2b-af07-24ad2a90888b.jpg,False
194,s3://ladi/Images/FEMA_CAP/3045/291551/DSC_4179_4ebf1c28-d5e2-4658-abc5-5f5cd35c1015.jpg,False
195,s3://ladi/Images/FEMA_CAP/9096/615126/SteveBla_5a14181a-f45c-4d6c-a973-d631488a4ddd.jpg,False
196,s3://ladi/Images/FEMA_CAP/9073/613946/DSC_4787_e1446598-ca9b-4207-ae99-4292a5fdd1ae.jpg,False
197,s3://ladi/Images/FEMA_CAP/9075/614106/A0036_AP_c7897110-4456-47a8-bd07-ed3d18b60dd7.jpg,False
198,s3://ladi/Images/FEMA_CAP/9161/616227/FEMA_Reg_e50e9414-6111-4282-bcd4-20701dec9462.jpg,False
199,s3://ladi/Images/FEMA_CAP/9073/613899/DSC_4633_51f8b02b-6a8b-40fa-bf76-2ab6a2dc5256.jpg,False
